insert into `User` (`UserID`, `Name`, `Password`, `Email`, `Contact`, `Type`) values ('1', 'Jack', '1234', 'jack@ucla.edu', '123', 'renter');
insert into `User` (`UserID`, `Name`, `Password`, `Email`, `Contact`, `Type`) values ('2', 'Joe', '456', 'joe@ucla.edu', '123', 'renter');
insert into `User` (`UserID`, `Name`, `Password`, `Email`, `Contact`, `Type`) values ('3', 'Josephine', 'pass','josephine@ucla.edu', '123', 'renter');
insert into `User` (`UserID`, `Name`, `Password`, `Email`, `Contact`, `Type`) values ('4', 'Mary', 'word', 'mary@ucla.edu', '123', 'renter');
insert into `User` (`UserID`, `Name`, `Password`, `Email`, `Contact`, `Type`) values ('5', 'Yuan', 'test', 'yuan@ucla.edu', '123', 'renter');
insert into `User` (`UserID`, `Name`, `Password`, `Email`, `Contact`, `Type`) values ('6', 'Chenglai', 'test', 'chenglai@ucla.edu', '123', 'renter');
insert into `User` (`UserID`, `Name`, `Password`, `Email`, `Contact`, `Type`) values ('7', 'Xiao', 'ucla', 'xiao@ucla.edu', '123', 'renter');
insert into `User` (`UserID`, `Name`, `Password`, `Email`, `Contact`, `Type`) values ('8', 'Donny', 'bruin', 'donny@ucla.edu', '123', 'renter');
insert into `User` (`UserID`, `Name`, `Password`, `Email`, `Contact`, `Type`) values ('9', 'Guy', 'champ', 'guy@ucla.edu', '123', 'renter');
insert into `User` (`UserID`, `Name`, `Password`, `Email`, `Contact`, `Type`) values ('10', 'Dude', 'pumpkin', 'dude@ucla.edu', '123', 'renter');

insert into `UserInfo` (`ID`, `SleepStart`, `SleepEnd`, `BudgetLow`, `BudgetHigh`, `Gender`, `Pet`, `Parking`, `Comment`, `ImageURL`) values ('1', '2300', '700', '600', '1500', 'M', '0', '0', 'nice', '/images/user1.jpg');
insert into `UserInfo` (`ID`, `SleepStart`, `SleepEnd`, `BudgetLow`, `BudgetHigh`, `Gender`, `Pet`, `Parking`, `Comment`, `ImageURL`) values ('2', '2300', '700', '600', '1500', 'M', '0', '0', 'nice', '/images/user2.jpg');
insert into `UserInfo` (`ID`, `SleepStart`, `SleepEnd`, `BudgetLow`, `BudgetHigh`, `Gender`, `Pet`, `Parking`, `Comment`, `ImageURL`) values ('3', '2300', '700', '600', '1500', 'M', '0', '0', 'nice', '/images/user3.jpg');
insert into `UserInfo` (`ID`, `SleepStart`, `SleepEnd`, `BudgetLow`, `BudgetHigh`, `Gender`, `Pet`, `Parking`, `Comment`, `ImageURL`) values ('4', '2300', '700', '600', '1500', 'M', '0', '0', 'nice', '/images/user4.jpg');
insert into `UserInfo` (`ID`, `SleepStart`, `SleepEnd`, `BudgetLow`, `BudgetHigh`, `Gender`, `Pet`, `Parking`, `Comment`, `ImageURL`) values ('5', '2300', '700', '600', '1500', 'M', '0', '0', 'nice', '/images/user5.jpg');
insert into `UserInfo` (`ID`, `SleepStart`, `SleepEnd`, `BudgetLow`, `BudgetHigh`, `Gender`, `Pet`, `Parking`, `Comment`, `ImageURL`) values ('6', '2300', '700', '600', '1500', 'M', '0', '0', 'nice', '/images/user6.jpg');
insert into `UserInfo` (`ID`, `SleepStart`, `SleepEnd`, `BudgetLow`, `BudgetHigh`, `Gender`, `Pet`, `Parking`, `Comment`, `ImageURL`) values ('7', '2300', '700', '600', '1500', 'M', '0', '0', 'nice', '/images/user7.jpg');
insert into `UserInfo` (`ID`, `SleepStart`, `SleepEnd`, `BudgetLow`, `BudgetHigh`, `Gender`, `Pet`, `Parking`, `Comment`, `ImageURL`) values ('8', '2300', '700', '600', '1500', 'M', '0', '0', 'nice', '/images/user8.jpg');
insert into `UserInfo` (`ID`, `SleepStart`, `SleepEnd`, `BudgetLow`, `BudgetHigh`, `Gender`, `Pet`, `Parking`, `Comment`, `ImageURL`) values ('9', '2300', '700', '600', '1500', 'M', '0', '0', 'nice', '/images/user9.jpg');
insert into `UserInfo` (`ID`, `SleepStart`, `SleepEnd`, `BudgetLow`, `BudgetHigh`, `Gender`, `Pet`, `Parking`, `Comment`, `ImageURL`) values ('10', '2300', '700', '600', '1500', 'M', '0', '0', 'nice', '/images/user10.jpg');


insert into `Preference` (`ID`, `SleepStart`, `SleepEnd`, `Gender`, `HasPet`, `Description`) values ('1', '2300', '700', 'M', '0', 'nice');
insert into `Preference` (`ID`, `SleepStart`, `SleepEnd`, `Gender`, `HasPet`, `Description`) values ('2', '2300', '700', 'M', '0', 'nice');
insert into `Preference` (`ID`, `SleepStart`, `SleepEnd`, `Gender`, `HasPet`, `Description`) values ('3', '2300', '700', 'M', '0', 'nice');
insert into `Preference` (`ID`, `SleepStart`, `SleepEnd`, `Gender`, `HasPet`, `Description`) values ('4', '2300', '700', 'M', '0', 'nice');
insert into `Preference` (`ID`, `SleepStart`, `SleepEnd`, `Gender`, `HasPet`, `Description`) values ('5', '2300', '700', 'M', '0', 'nice');
insert into `Preference` (`ID`, `SleepStart`, `SleepEnd`, `Gender`, `HasPet`, `Description`) values ('6', '2300', '700', 'M', '0', 'nice');
insert into `Preference` (`ID`, `SleepStart`, `SleepEnd`, `Gender`, `HasPet`, `Description`) values ('7', '2300', '700', 'M', '0', 'nice');
insert into `Preference` (`ID`, `SleepStart`, `SleepEnd`, `Gender`, `HasPet`, `Description`) values ('8', '2300', '700', 'M', '0', 'nice');
insert into `Preference` (`ID`, `SleepStart`, `SleepEnd`, `Gender`, `HasPet`, `Description`) values ('9', '2300', '700', 'M', '0', 'nice');
insert into `Preference` (`ID`, `SleepStart`, `SleepEnd`, `Gender`, `HasPet`, `Description`) values ('10', '2300', '700', 'M', '0', 'nice');


insert into `Apartment` (`ApartmentID`, `Name`, `Bedroom`, `Bathroom`, `Parking`, `Description`, `Location`, `Amenity`, `Price`, `Comment`) values ('1', 'Kelton 1390', '2', '2', '2', 'Good', 'westwood', 'pool', '1000', 'good apt');
insert into `Apartment` (`ApartmentID`, `Name`, `Bedroom`, `Bathroom`, `Parking`, `Description`, `Location`, `Amenity`, `Price`, `Comment`) values ('2', 'Landfair 122', '3', '3', '2', 'Good', 'westood', 'lounge', '1000', 'good apt');
insert into `Apartment` (`ApartmentID`, `Name`, `Bedroom`, `Bathroom`, `Parking`, `Description`, `Location`, `Amenity`, `Price`, `Comment`) values ('3', 'Gayley 555', '2', '2', '1', 'Good', 'westwood', 'gym', '1000', 'good apt');
insert into `Apartment` (`ApartmentID`, `Name`, `Bedroom`, `Bathroom`, `Parking`, `Description`, `Location`, `Amenity`, `Price`, `Comment`) values ('4', 'Sawtelle 1300', '1', '1', '1', 'Good', 'sawtelle', 'pool', '1000', 'good apt');
insert into `Apartment` (`ApartmentID`, `Name`, `Bedroom`, `Bathroom`, `Parking`, `Description`, `Location`, `Amenity`, `Price`, `Comment`) values ('5', 'Veteran 888', '2', '2', '2', 'Good', 'westwood', 'pool', '1000', 'good apt');

insert into `Ownership` (`UsrID`, `AptID`) values ('1','1');
insert into `Ownership` (`UsrID`, `AptID`) values ('2','2');
insert into `Ownership` (`UsrID`, `AptID`) values ('3','3');
insert into `Ownership` (`UsrID`, `AptID`) values ('4','4');
